sample_id	chrom	start	end	svclass
sample_10	chr9	19467175	27946990	DEL
sample_10	chr9	21977854	22119205	DEL
sample_12	chr4	29649842	84957272	DEL
sample_12	chr4	32293412	32295892	DEL
sample_12	chr4	60615861	60617003	DEL
sample_12	chr4	80380688	80381870	DEL
sample_12	chr4	91197155	91515207	DEL
sample_13	chr12	87058877	87126627	DEL
sample_13	chr12	89862537	89901884	DEL
sample_13	chr12	131854692	132081939	DEL
sample_11	chr5	22231812	22873808	DEL
sample_11	chr5	32849974	32856144	DEL
sample_11	chr5	67635902	67656964	DEL
sample_11	chr5	141606603	171733098	DUP
